{
  "bleu": 0.036643753743927046,
  "precisions": [
    0.18888780041797285,
    0.0494849248384498,
    0.020725855911107906,
    0.009307017376905655
  ],
  "brevity_penalty": 1.0,
  "length_ratio": 1.8909539981475765,
  "translation_length": 61248,
  "reference_length": 32390
}